{
  "all": {
    "total": 145,
    "correct": 113,
    "accuracy": 0.7793103448275862,
    "answers": [
      1,
      1,
      1,
      1,
      1,
      0,
      1,
      1,
      1,
      1,
      1,
      1,
      1,
      1,
      1,
      1,
      1,
      1,
      1,
      1,
      0,
      1,
      1,
      1,
      0,
      1,
      1,
      1,
      1,
      1,
      0,
      1,
      1,
      0,
      0,
      1,
      1,
      1,
      1,
      1,
      0,
      0,
      1,
      0,
      1,
      1,
      0,
      0,
      0,
      0,
      0,
      1,
      0,
      0,
      0,
      0,
      1,
      0,
      1,
      1,
      1,
      1,
      1,
      1,
      1,
      1,
      1,
      1,
      1,
      1,
      1,
      1,
      1,
      1,
      1,
      1,
      1,
      1,
      1,
      1,
      1,
      0,
      0,
      1,
      0,
      1,
      1,
      1,
      1,
      1,
      1,
      0,
      0,
      1,
      1,
      1,
      1,
      0,
      1,
      1,
      1,
      1,
      0,
      1,
      1,
      1,
      1,
      0,
      1,
      1,
      0,
      1,
      1,
      1,
      0,
      1,
      1,
      1,
      1,
      1,
      1,
      1,
      1,
      1,
      1,
      1,
      1,
      1,
      1,
      1,
      1,
      1,
      1,
      1,
      1,
      1,
      1,
      1,
      1,
      1,
      0,
      1,
      1,
      0,
      0
    ],
    "mae": 1.0827586206896551,
    "absolute_errors": [
      0,
      1,
      0,
      0,
      1,
      2,
      0,
      0,
      0,
      0,
      0,
      1,
      0,
      0,
      0,
      0,
      0,
      1,
      0,
      1,
      2,
      1,
      0,
      2,
      3,
      0,
      1,
      0,
      0,
      2,
      2,
      1,
      1,
      2,
      3,
      1,
      0,
      1,
      1,
      1,
      6,
      2,
      1,
      2,
      1,
      1,
      3,
      3,
      2,
      3,
      2,
      1,
      5,
      3,
      3,
      2,
      1,
      2,
      1,
      0,
      1,
      0,
      1,
      1,
      0,
      0,
      1,
      1,
      1,
      1,
      1,
      0,
      0,
      1,
      0,
      2,
      1,
      1,
      1,
      1,
      1,
      4,
      3,
      0,
      2,
      1,
      1,
      0,
      0,
      1,
      0,
      4,
      3,
      0,
      0,
      1,
      0,
      2,
      2,
      0,
      1,
      0,
      2,
      0,
      1,
      1,
      0,
      4,
      1,
      0,
      4,
      1,
      1,
      0,
      3,
      0,
      1,
      0,
      1,
      1,
      0,
      0,
      1,
      1,
      0,
      1,
      1,
      0,
      1,
      1,
      1,
      0,
      0,
      1,
      1,
      1,
      0,
      0,
      1,
      1,
      3,
      1,
      0,
      2,
      2
    ]
  }
}