{
  "all": {
    "total": 163,
    "correct": 29,
    "accuracy": 0.17791411042944785,
    "answers": [
      0,
      0,
      0,
      0,
      0,
      0,
      0,
      0,
      0,
      0,
      0,
      0,
      0,
      1,
      1,
      1,
      0,
      0,
      1,
      0,
      0,
      0,
      0,
      0,
      0,
      0,
      0,
      0,
      0,
      0,
      0,
      0,
      0,
      1,
      0,
      1,
      0,
      0,
      0,
      0,
      1,
      0,
      1,
      1,
      0,
      0,
      0,
      0,
      0,
      0,
      0,
      0,
      0,
      0,
      0,
      0,
      0,
      0,
      0,
      0,
      0,
      0,
      0,
      0,
      1,
      1,
      0,
      1,
      1,
      0,
      0,
      0,
      0,
      0,
      0,
      0,
      0,
      0,
      0,
      0,
      0,
      0,
      0,
      0,
      0,
      0,
      0,
      0,
      0,
      0,
      0,
      1,
      0,
      0,
      0,
      0,
      0,
      0,
      0,
      0,
      0,
      0,
      0,
      0,
      0,
      0,
      1,
      0,
      0,
      0,
      1,
      0,
      1,
      0,
      0,
      0,
      1,
      0,
      0,
      0,
      0,
      0,
      0,
      0,
      0,
      0,
      0,
      0,
      0,
      0,
      0,
      0,
      0,
      0,
      0,
      0,
      0,
      0,
      0,
      0,
      0,
      0,
      0,
      0,
      0,
      1,
      0,
      1,
      1,
      1,
      0,
      0,
      0,
      1,
      1,
      0,
      1,
      0,
      1,
      1,
      1,
      0,
      1
    ],
    "mae": 2.773006134969325,
    "absolute_errors": [
      4,
      4,
      3,
      4,
      4,
      3,
      3,
      3,
      6,
      4,
      3,
      3,
      4,
      1,
      1,
      1,
      2,
      2,
      1,
      4,
      3,
      4,
      4,
      3,
      3,
      3,
      6,
      3,
      3,
      4,
      3,
      4,
      2,
      1,
      2,
      1,
      6,
      2,
      4,
      3,
      1,
      4,
      1,
      1,
      3,
      3,
      6,
      3,
      3,
      3,
      3,
      3,
      3,
      3,
      3,
      3,
      3,
      3,
      4,
      3,
      3,
      3,
      2,
      2,
      1,
      1,
      3,
      1,
      2,
      4,
      2,
      2,
      2,
      3,
      2,
      3,
      2,
      2,
      3,
      3,
      3,
      3,
      3,
      3,
      6,
      2,
      3,
      2,
      7,
      3,
      2,
      1,
      3,
      6,
      6,
      3,
      3,
      3,
      7,
      4,
      2,
      3,
      7,
      2,
      6,
      3,
      2,
      5,
      2,
      2,
      1,
      4,
      2,
      4,
      4,
      3,
      2,
      3,
      2,
      3,
      2,
      2,
      3,
      2,
      2,
      4,
      3,
      3,
      2,
      2,
      3,
      3,
      2,
      2,
      3,
      2,
      3,
      2,
      3,
      3,
      2,
      3,
      2,
      3,
      2,
      0,
      3,
      1,
      0,
      1,
      2,
      3,
      2,
      1,
      1,
      2,
      1,
      2,
      1,
      1,
      1,
      2,
      1
    ]
  }
}