{
  "all": {
    "total": 241,
    "correct": 79,
    "accuracy": 0.3278008298755187,
    "answers": [
      0,
      1,
      1,
      0,
      0,
      0,
      0,
      0,
      0,
      0,
      0,
      0,
      0,
      0,
      0,
      1,
      1,
      1,
      1,
      0,
      0,
      1,
      1,
      0,
      0,
      0,
      0,
      0,
      0,
      0,
      0,
      0,
      1,
      0,
      0,
      0,
      0,
      0,
      0,
      0,
      0,
      1,
      1,
      0,
      0,
      1,
      0,
      1,
      1,
      0,
      1,
      0,
      0,
      0,
      1,
      1,
      0,
      0,
      1,
      0,
      1,
      1,
      0,
      0,
      0,
      0,
      0,
      1,
      0,
      0,
      0,
      0,
      0,
      0,
      0,
      0,
      0,
      0,
      0,
      0,
      0,
      0,
      0,
      0,
      1,
      0,
      1,
      1,
      0,
      1,
      0,
      0,
      1,
      1,
      0,
      0,
      1,
      1,
      1,
      0,
      0,
      0,
      1,
      1,
      0,
      0,
      0,
      0,
      0,
      0,
      0,
      1,
      0,
      0,
      0,
      1,
      0,
      1,
      1,
      1,
      0,
      0,
      0,
      0,
      0,
      0,
      1,
      0,
      0,
      0,
      0,
      0,
      0,
      0,
      0,
      0,
      0,
      0,
      0,
      0,
      0,
      1,
      0,
      0,
      0,
      0,
      1,
      0,
      0,
      0,
      0,
      0,
      0,
      0,
      0,
      1,
      0,
      1,
      0,
      0,
      1,
      1,
      0,
      1,
      1,
      1,
      0,
      0,
      0,
      0,
      0,
      0,
      0,
      0,
      1,
      1,
      0,
      0,
      1,
      0,
      0,
      0,
      0,
      1,
      1,
      0,
      1,
      1,
      1,
      0,
      0,
      0,
      1,
      0,
      1,
      1,
      0,
      0,
      1,
      1,
      0,
      1,
      0,
      0,
      0,
      0,
      0,
      0,
      0,
      0,
      0,
      0,
      0,
      1,
      0,
      1,
      1,
      0,
      1,
      1,
      1,
      1,
      1,
      0,
      0,
      0,
      0,
      0,
      1,
      1,
      0,
      1,
      1,
      1,
      0,
      1,
      1,
      1,
      0,
      1,
      1
    ],
    "mae": 2.4896265560165975,
    "absolute_errors": [
      4,
      0,
      0,
      5,
      3,
      4,
      5,
      3,
      3,
      2,
      5,
      4,
      3,
      4,
      4,
      0,
      1,
      2,
      1,
      2,
      2,
      1,
      1,
      4,
      4,
      4,
      4,
      3,
      3,
      4,
      5,
      3,
      2,
      4,
      2,
      2,
      2,
      2,
      2,
      2,
      4,
      2,
      2,
      2,
      4,
      1,
      2,
      1,
      1,
      3,
      2,
      4,
      4,
      2,
      1,
      0,
      5,
      3,
      1,
      4,
      1,
      1,
      4,
      2,
      2,
      4,
      6,
      2,
      3,
      3,
      3,
      3,
      2,
      3,
      3,
      3,
      2,
      5,
      3,
      4,
      3,
      3,
      3,
      3,
      1,
      2,
      2,
      1,
      3,
      1,
      2,
      3,
      1,
      1,
      3,
      4,
      1,
      1,
      1,
      2,
      2,
      2,
      1,
      1,
      2,
      3,
      3,
      6,
      4,
      3,
      6,
      1,
      4,
      2,
      3,
      2,
      3,
      0,
      1,
      0,
      5,
      6,
      2,
      3,
      4,
      3,
      2,
      4,
      4,
      5,
      6,
      4,
      2,
      2,
      3,
      4,
      2,
      4,
      5,
      5,
      4,
      1,
      2,
      4,
      6,
      4,
      1,
      2,
      5,
      3,
      3,
      3,
      4,
      3,
      4,
      1,
      2,
      1,
      3,
      3,
      1,
      2,
      3,
      0,
      1,
      2,
      2,
      2,
      2,
      2,
      5,
      3,
      5,
      4,
      0,
      0,
      3,
      3,
      2,
      2,
      2,
      3,
      2,
      1,
      1,
      4,
      1,
      1,
      1,
      4,
      3,
      4,
      2,
      2,
      1,
      1,
      4,
      3,
      1,
      1,
      4,
      2,
      2,
      2,
      2,
      4,
      2,
      2,
      2,
      2,
      2,
      2,
      3,
      1,
      3,
      1,
      1,
      3,
      1,
      0,
      0,
      0,
      2,
      2,
      2,
      2,
      3,
      2,
      1,
      1,
      3,
      1,
      1,
      1,
      3,
      1,
      1,
      1,
      3,
      1,
      0
    ]
  }
}