{
  "all": {
    "total": 241,
    "correct": 121,
    "accuracy": 0.5020746887966805,
    "answers": [
      0,
      1,
      1,
      0,
      0,
      0,
      0,
      0,
      0,
      0,
      0,
      0,
      0,
      1,
      0,
      1,
      1,
      0,
      1,
      0,
      0,
      1,
      1,
      0,
      0,
      0,
      1,
      0,
      0,
      0,
      0,
      0,
      0,
      0,
      1,
      0,
      0,
      1,
      0,
      0,
      1,
      1,
      1,
      0,
      1,
      1,
      0,
      1,
      1,
      1,
      0,
      0,
      0,
      1,
      1,
      1,
      0,
      0,
      1,
      0,
      1,
      1,
      0,
      1,
      1,
      0,
      0,
      0,
      0,
      0,
      0,
      0,
      0,
      0,
      0,
      0,
      0,
      0,
      0,
      0,
      0,
      0,
      0,
      0,
      1,
      0,
      1,
      0,
      1,
      1,
      1,
      1,
      0,
      1,
      1,
      0,
      1,
      1,
      1,
      0,
      0,
      0,
      1,
      1,
      0,
      1,
      0,
      0,
      0,
      1,
      0,
      1,
      1,
      1,
      0,
      0,
      0,
      1,
      1,
      1,
      0,
      0,
      1,
      0,
      1,
      0,
      1,
      0,
      0,
      0,
      0,
      0,
      0,
      1,
      0,
      0,
      1,
      0,
      0,
      0,
      0,
      0,
      0,
      0,
      0,
      1,
      1,
      0,
      0,
      1,
      1,
      1,
      1,
      1,
      0,
      1,
      1,
      1,
      1,
      1,
      1,
      1,
      0,
      1,
      1,
      1,
      1,
      1,
      1,
      1,
      0,
      0,
      0,
      0,
      1,
      1,
      1,
      1,
      0,
      0,
      1,
      1,
      0,
      1,
      1,
      1,
      1,
      1,
      1,
      1,
      1,
      1,
      1,
      0,
      1,
      1,
      0,
      1,
      1,
      1,
      1,
      0,
      0,
      0,
      0,
      0,
      0,
      0,
      0,
      0,
      0,
      0,
      1,
      1,
      1,
      1,
      1,
      1,
      1,
      1,
      1,
      1,
      1,
      0,
      0,
      0,
      1,
      1,
      1,
      1,
      1,
      1,
      1,
      1,
      1,
      0,
      1,
      1,
      1,
      1,
      1
    ],
    "mae": 2.1576763485477177,
    "absolute_errors": [
      3,
      0,
      0,
      4,
      3,
      3,
      3,
      2,
      2,
      2,
      6,
      3,
      3,
      2,
      4,
      1,
      1,
      4,
      1,
      2,
      2,
      0,
      1,
      4,
      3,
      3,
      2,
      2,
      2,
      3,
      5,
      2,
      3,
      7,
      1,
      2,
      2,
      1,
      2,
      2,
      2,
      2,
      2,
      2,
      2,
      1,
      2,
      1,
      0,
      2,
      5,
      6,
      3,
      1,
      1,
      0,
      4,
      3,
      0,
      5,
      1,
      1,
      3,
      1,
      1,
      3,
      6,
      3,
      3,
      3,
      2,
      2,
      2,
      2,
      3,
      2,
      2,
      5,
      3,
      3,
      5,
      2,
      2,
      2,
      0,
      2,
      0,
      2,
      1,
      1,
      0,
      1,
      2,
      1,
      1,
      5,
      1,
      1,
      1,
      2,
      2,
      2,
      1,
      1,
      2,
      2,
      3,
      3,
      3,
      1,
      6,
      0,
      2,
      1,
      5,
      6,
      3,
      0,
      1,
      0,
      4,
      6,
      1,
      3,
      2,
      2,
      0,
      3,
      3,
      3,
      3,
      6,
      3,
      1,
      3,
      3,
      1,
      6,
      7,
      6,
      6,
      2,
      3,
      7,
      7,
      2,
      0,
      2,
      7,
      1,
      2,
      1,
      2,
      2,
      6,
      1,
      1,
      1,
      1,
      1,
      0,
      1,
      4,
      0,
      1,
      1,
      1,
      1,
      1,
      1,
      6,
      4,
      6,
      4,
      0,
      0,
      1,
      1,
      4,
      2,
      1,
      2,
      2,
      1,
      1,
      2,
      1,
      1,
      1,
      2,
      2,
      2,
      2,
      2,
      1,
      1,
      3,
      2,
      1,
      1,
      2,
      3,
      2,
      2,
      2,
      3,
      2,
      2,
      2,
      2,
      2,
      2,
      1,
      1,
      1,
      1,
      1,
      1,
      1,
      1,
      0,
      0,
      1,
      2,
      2,
      2,
      2,
      1,
      1,
      1,
      2,
      1,
      1,
      1,
      1,
      3,
      1,
      1,
      2,
      1,
      0
    ]
  }
}