{
  "all": {
    "total": 163,
    "correct": 48,
    "accuracy": 0.294478527607362,
    "answers": [
      0,
      0,
      0,
      0,
      0,
      0,
      0,
      0,
      0,
      0,
      0,
      0,
      0,
      1,
      1,
      1,
      0,
      0,
      1,
      0,
      0,
      0,
      0,
      0,
      0,
      0,
      0,
      0,
      1,
      0,
      0,
      1,
      0,
      1,
      0,
      1,
      0,
      1,
      0,
      0,
      1,
      0,
      1,
      1,
      0,
      0,
      0,
      0,
      0,
      0,
      0,
      0,
      0,
      0,
      0,
      0,
      0,
      0,
      0,
      0,
      0,
      0,
      0,
      0,
      1,
      1,
      0,
      1,
      0,
      0,
      1,
      1,
      1,
      0,
      0,
      0,
      1,
      1,
      0,
      0,
      0,
      0,
      0,
      0,
      0,
      0,
      0,
      1,
      0,
      0,
      0,
      1,
      0,
      0,
      0,
      0,
      0,
      0,
      0,
      0,
      1,
      0,
      0,
      0,
      0,
      0,
      0,
      0,
      1,
      1,
      1,
      0,
      1,
      0,
      0,
      0,
      1,
      0,
      0,
      0,
      1,
      1,
      0,
      1,
      1,
      0,
      0,
      0,
      1,
      0,
      0,
      0,
      1,
      1,
      0,
      0,
      0,
      0,
      0,
      0,
      0,
      0,
      0,
      0,
      0,
      1,
      0,
      1,
      1,
      1,
      0,
      0,
      0,
      0,
      1,
      1,
      1,
      1,
      1,
      1,
      1,
      1,
      1
    ],
    "mae": 2.6319018404907975,
    "absolute_errors": [
      4,
      5,
      3,
      4,
      5,
      3,
      3,
      2,
      5,
      4,
      3,
      4,
      4,
      0,
      1,
      1,
      2,
      2,
      1,
      4,
      4,
      4,
      4,
      3,
      3,
      4,
      5,
      3,
      2,
      4,
      4,
      2,
      2,
      1,
      2,
      1,
      4,
      1,
      5,
      3,
      1,
      4,
      1,
      1,
      5,
      4,
      6,
      3,
      3,
      3,
      3,
      2,
      3,
      3,
      3,
      2,
      5,
      3,
      4,
      3,
      3,
      3,
      2,
      2,
      2,
      1,
      2,
      1,
      3,
      4,
      1,
      1,
      1,
      2,
      2,
      2,
      1,
      1,
      2,
      3,
      3,
      6,
      4,
      3,
      6,
      2,
      3,
      1,
      6,
      3,
      3,
      2,
      4,
      5,
      4,
      2,
      3,
      4,
      5,
      4,
      1,
      2,
      6,
      2,
      5,
      3,
      3,
      4,
      1,
      1,
      1,
      3,
      2,
      3,
      4,
      3,
      2,
      2,
      2,
      2,
      1,
      1,
      4,
      1,
      1,
      4,
      4,
      2,
      1,
      2,
      4,
      4,
      1,
      1,
      4,
      2,
      2,
      2,
      4,
      2,
      2,
      2,
      2,
      2,
      2,
      1,
      3,
      1,
      1,
      2,
      2,
      2,
      2,
      2,
      1,
      1,
      1,
      1,
      1,
      1,
      1,
      1,
      1
    ]
  }
}