{
  "all": {
    "total": 145,
    "correct": 110,
    "accuracy": 0.7586206896551724,
    "answers": [
      1,
      1,
      1,
      1,
      1,
      1,
      1,
      1,
      1,
      1,
      1,
      1,
      1,
      1,
      1,
      1,
      1,
      1,
      1,
      1,
      1,
      1,
      1,
      1,
      0,
      1,
      1,
      1,
      1,
      1,
      1,
      1,
      1,
      0,
      0,
      0,
      1,
      0,
      1,
      1,
      0,
      1,
      1,
      0,
      0,
      1,
      0,
      0,
      0,
      0,
      1,
      0,
      0,
      0,
      0,
      0,
      1,
      0,
      1,
      1,
      1,
      1,
      1,
      1,
      1,
      1,
      1,
      1,
      0,
      1,
      1,
      1,
      1,
      0,
      1,
      1,
      1,
      1,
      1,
      1,
      1,
      0,
      0,
      1,
      0,
      0,
      1,
      1,
      1,
      0,
      1,
      0,
      0,
      1,
      1,
      1,
      1,
      0,
      1,
      1,
      1,
      1,
      1,
      1,
      1,
      1,
      1,
      0,
      0,
      1,
      0,
      1,
      0,
      1,
      1,
      1,
      1,
      1,
      1,
      1,
      1,
      1,
      1,
      1,
      1,
      1,
      1,
      1,
      1,
      1,
      1,
      1,
      1,
      1,
      1,
      1,
      1,
      1,
      1,
      0,
      1,
      1,
      1,
      0,
      0
    ],
    "mae": 1.1655172413793105,
    "absolute_errors": [
      1,
      1,
      0,
      0,
      1,
      1,
      0,
      0,
      1,
      1,
      0,
      1,
      1,
      0,
      0,
      1,
      0,
      1,
      0,
      1,
      1,
      1,
      0,
      2,
      3,
      0,
      0,
      0,
      1,
      2,
      1,
      1,
      1,
      2,
      3,
      2,
      1,
      2,
      0,
      0,
      3,
      1,
      1,
      2,
      2,
      1,
      3,
      3,
      2,
      3,
      1,
      2,
      7,
      3,
      3,
      2,
      1,
      3,
      1,
      0,
      1,
      0,
      1,
      1,
      1,
      1,
      1,
      1,
      2,
      0,
      1,
      0,
      0,
      2,
      1,
      2,
      1,
      1,
      1,
      1,
      1,
      6,
      2,
      0,
      2,
      2,
      1,
      1,
      0,
      2,
      1,
      4,
      3,
      0,
      1,
      0,
      0,
      2,
      2,
      0,
      1,
      0,
      0,
      1,
      2,
      1,
      0,
      4,
      2,
      1,
      3,
      1,
      2,
      0,
      1,
      0,
      0,
      0,
      1,
      1,
      0,
      0,
      1,
      1,
      0,
      0,
      1,
      1,
      0,
      1,
      0,
      1,
      0,
      2,
      1,
      1,
      0,
      1,
      1,
      3,
      1,
      1,
      0,
      2,
      2
    ]
  }
}