{
  "all": {
    "total": 163,
    "correct": 67,
    "accuracy": 0.4110429447852761,
    "answers": [
      0,
      0,
      0,
      0,
      0,
      0,
      0,
      0,
      0,
      0,
      0,
      1,
      0,
      1,
      1,
      1,
      0,
      0,
      1,
      0,
      0,
      0,
      1,
      0,
      0,
      0,
      0,
      0,
      0,
      0,
      1,
      1,
      0,
      1,
      0,
      1,
      0,
      1,
      0,
      0,
      1,
      0,
      1,
      1,
      0,
      0,
      0,
      0,
      0,
      0,
      0,
      0,
      0,
      0,
      0,
      0,
      0,
      0,
      0,
      0,
      0,
      0,
      1,
      0,
      1,
      1,
      1,
      1,
      1,
      0,
      1,
      1,
      1,
      0,
      0,
      0,
      1,
      1,
      0,
      1,
      0,
      0,
      0,
      1,
      0,
      1,
      0,
      1,
      0,
      0,
      0,
      1,
      0,
      0,
      0,
      0,
      0,
      0,
      0,
      0,
      0,
      0,
      0,
      0,
      0,
      1,
      1,
      0,
      1,
      1,
      1,
      0,
      1,
      0,
      0,
      1,
      0,
      0,
      1,
      0,
      1,
      1,
      1,
      1,
      1,
      1,
      1,
      0,
      1,
      1,
      1,
      1,
      1,
      1,
      1,
      0,
      0,
      0,
      0,
      0,
      0,
      0,
      0,
      0,
      0,
      1,
      1,
      1,
      1,
      1,
      0,
      0,
      0,
      1,
      1,
      1,
      1,
      1,
      1,
      1,
      1,
      1,
      1
    ],
    "mae": 2.3006134969325154,
    "absolute_errors": [
      3,
      4,
      3,
      3,
      3,
      2,
      2,
      2,
      6,
      3,
      3,
      2,
      4,
      1,
      1,
      1,
      2,
      2,
      1,
      4,
      3,
      3,
      2,
      2,
      2,
      3,
      6,
      2,
      3,
      7,
      2,
      2,
      2,
      1,
      2,
      1,
      6,
      1,
      4,
      3,
      0,
      5,
      1,
      1,
      3,
      3,
      6,
      3,
      2,
      2,
      2,
      2,
      2,
      3,
      2,
      2,
      5,
      3,
      3,
      2,
      2,
      2,
      0,
      2,
      0,
      1,
      0,
      1,
      1,
      5,
      1,
      1,
      1,
      2,
      2,
      2,
      1,
      1,
      2,
      2,
      3,
      3,
      3,
      2,
      6,
      1,
      3,
      1,
      6,
      2,
      2,
      0,
      3,
      3,
      6,
      3,
      3,
      3,
      7,
      6,
      2,
      3,
      7,
      2,
      7,
      1,
      2,
      6,
      1,
      1,
      0,
      4,
      1,
      4,
      4,
      1,
      4,
      2,
      1,
      2,
      1,
      1,
      2,
      1,
      1,
      2,
      2,
      2,
      1,
      1,
      2,
      2,
      1,
      1,
      2,
      2,
      2,
      2,
      3,
      2,
      2,
      2,
      2,
      2,
      2,
      1,
      1,
      1,
      1,
      1,
      2,
      2,
      2,
      1,
      1,
      1,
      1,
      1,
      1,
      1,
      1,
      1,
      1
    ]
  }
}