{
  "all": {
    "total": 145,
    "correct": 122,
    "accuracy": 0.8413793103448276,
    "answers": [
      1,
      1,
      1,
      1,
      1,
      1,
      1,
      1,
      1,
      1,
      1,
      1,
      1,
      1,
      1,
      1,
      1,
      1,
      1,
      1,
      1,
      1,
      1,
      1,
      0,
      1,
      1,
      1,
      1,
      1,
      0,
      1,
      1,
      1,
      0,
      1,
      1,
      1,
      1,
      1,
      0,
      0,
      1,
      1,
      1,
      1,
      0,
      0,
      1,
      0,
      1,
      1,
      0,
      0,
      0,
      1,
      1,
      0,
      1,
      1,
      1,
      1,
      1,
      1,
      1,
      1,
      1,
      1,
      1,
      1,
      1,
      1,
      1,
      1,
      1,
      1,
      1,
      1,
      1,
      1,
      1,
      0,
      0,
      1,
      0,
      1,
      1,
      1,
      1,
      1,
      1,
      0,
      0,
      1,
      1,
      1,
      1,
      0,
      1,
      1,
      1,
      1,
      1,
      1,
      1,
      1,
      1,
      0,
      1,
      1,
      0,
      1,
      1,
      1,
      1,
      1,
      1,
      1,
      1,
      1,
      1,
      1,
      1,
      1,
      1,
      1,
      1,
      1,
      1,
      1,
      1,
      1,
      1,
      1,
      1,
      0,
      1,
      1,
      1,
      1,
      0,
      1,
      1,
      0,
      1
    ],
    "mae": 0.993103448275862,
    "absolute_errors": [
      1,
      0,
      0,
      1,
      0,
      1,
      0,
      1,
      0,
      0,
      0,
      1,
      0,
      0,
      0,
      0,
      0,
      1,
      0,
      0,
      1,
      0,
      0,
      2,
      3,
      0,
      0,
      0,
      0,
      2,
      2,
      1,
      0,
      1,
      3,
      1,
      1,
      1,
      1,
      0,
      6,
      2,
      1,
      1,
      1,
      1,
      3,
      3,
      1,
      3,
      1,
      1,
      3,
      4,
      3,
      1,
      1,
      2,
      1,
      0,
      1,
      0,
      0,
      1,
      0,
      1,
      0,
      0,
      1,
      0,
      1,
      0,
      0,
      1,
      1,
      2,
      1,
      0,
      1,
      0,
      1,
      5,
      3,
      0,
      2,
      1,
      1,
      0,
      0,
      1,
      1,
      4,
      3,
      0,
      1,
      1,
      0,
      2,
      2,
      0,
      1,
      0,
      1,
      1,
      2,
      1,
      1,
      3,
      1,
      1,
      4,
      1,
      1,
      0,
      1,
      0,
      0,
      0,
      1,
      1,
      1,
      0,
      0,
      1,
      0,
      1,
      1,
      1,
      0,
      1,
      1,
      0,
      0,
      1,
      1,
      2,
      0,
      1,
      0,
      1,
      2,
      1,
      1,
      2,
      1
    ]
  }
}