{
  "all": {
    "total": 29,
    "correct": 26,
    "accuracy": 0.896551724137931,
    "answers": [
      1,
      1,
      1,
      1,
      1,
      0,
      1,
      1,
      1,
      1,
      1,
      1,
      1,
      1,
      1,
      1,
      1,
      1,
      1,
      1,
      0,
      1,
      1,
      1,
      0,
      1,
      1,
      1,
      1
    ],
    "mae": 0.4827586206896552,
    "absolute_errors": [
      0,
      1,
      0,
      0,
      1,
      2,
      0,
      0,
      0,
      0,
      0,
      1,
      0,
      0,
      0,
      0,
      0,
      1,
      0,
      1,
      2,
      0,
      0,
      2,
      3,
      0,
      0,
      0,
      0
    ]
  }
}